Date,SPY
2018-01-02,239.2739716
2018-01-03,240.7875061
2018-01-04,241.8023682
2018-01-05,243.4136963
2018-01-08,243.8587952
2018-01-09,244.4108124
2018-01-10,244.0369415
2018-01-11,245.8173676
2018-01-12,247.4198456
2018-01-16,246.5740967
2018-01-17,248.924408
2018-01-18,248.5059967
2018-01-19,249.6366272
2018-01-22,251.6663513
2018-01-23,252.2005005
2018-01-24,252.1026154
2018-01-25,252.2093201
2018-01-26,255.129425
2018-01-29,253.4379578
2018-01-30,250.8384705
2018-01-31,250.9631042
2018-02-01,250.6781769
2018-02-02,245.220993
2018-02-05,234.9651642
2018-02-06,239.5944977
2018-02-07,238.2947235
2018-02-08,229.3565369
2018-02-09,232.8018494
2018-02-12,236.2204285
2018-02-13,236.8079834
2018-02-14,240.0040283
2018-02-15,243.0664825
2018-02-16,243.1377258
2018-02-20,241.6153564
2018-02-21,240.413559
2018-02-22,240.7251587
2018-02-23,244.562149
2018-02-26,247.4020844
2018-02-27,244.3128967
2018-02-28,241.8379364
2018-03-01,238.3214264
2018-03-02,239.5499573
2018-03-05,242.3186646
2018-03-06,242.9329376
2018-03-07,242.8439178
2018-03-08,244.0190125
2018-03-09,248.265625
2018-03-12,247.95401
2018-03-13,246.3515472
2018-03-14,245.0874023
2018-03-15,244.820282
2018-03-16,245.0857849
2018-03-19,241.7696991
2018-03-20,242.1808777
2018-03-21,241.7160645
2018-03-22,235.6738586
2018-03-23,230.6505585
2018-03-26,236.9608917
2018-03-27,232.9298401
2018-03-28,232.2415161
2018-03-29,235.2090302
2018-04-02,230.1321106
2018-04-03,233.0817566
2018-04-04,235.5755768
2018-04-05,237.4347382
2018-04-06,232.1432648
2018-04-09,233.287323
2018-04-10,236.9966278
2018-04-11,235.7542877
2018-04-12,237.6938934
2018-04-13,236.9966278
2018-04-16,238.9452057
2018-04-17,241.5015106
2018-04-18,241.6803589
2018-04-19,240.3395538
2018-04-20,238.3016968
2018-04-23,238.2658997
2018-04-24,235.0570984
2018-04-25,235.638092
2018-04-26,238.0335693
2018-04-27,238.2569885
2018-04-30,236.4246368
2018-05-01,236.8447571
2018-05-02,235.2537384
2018-05-03,234.735321
2018-05-04,237.7742462
2018-05-07,238.5787811
2018-05-08,238.5787811
2018-05-09,240.8847656
2018-05-10,243.1372375
2018-05-11,243.8791351
2018-05-14,243.9953003
2018-05-15,242.3149261
2018-05-16,243.3338623
2018-05-17,243.1282959
2018-05-18,242.5204315
2018-05-21,244.3439026
2018-05-22,243.6645966
2018-05-23,244.3349152
2018-05-24,243.8343658
2018-05-25,243.2534637
2018-05-29,240.455719
2018-05-30,243.6645966
2018-05-31,242.1719818
2018-06-01,244.5494385
2018-06-04,245.7114563
2018-06-05,245.8901978
2018-06-06,247.9459534
2018-06-07,247.9191895
2018-06-08,248.6520691
2018-06-11,248.9828186
2018-06-12,249.3046265
2018-06-13,248.5090485
2018-06-14,249.1347961
2018-06-15,248.8169861
2018-06-18,248.3051453
2018-06-19,247.3534546
2018-06-20,247.7754059
2018-06-21,246.2222137
2018-06-22,246.6711731
2018-06-25,243.3132477
2018-06-26,243.8518982
2018-06-27,241.8318329
2018-06-28,243.2144775
2018-06-29,243.5645752
2018-07-02,244.0853119
2018-07-03,243.223465
2018-07-05,245.2076569
2018-07-06,247.2816467
2018-07-09,249.5083008
2018-07-10,250.4061127
2018-07-11,248.5744629
2018-07-12,250.8280792
2018-07-13,251.0256195
2018-07-16,250.8011475
2018-07-17,251.8156738
2018-07-18,252.3453827
2018-07-19,251.393692
2018-07-20,251.1063538
2018-07-23,251.5733337
2018-07-24,252.8392029
2018-07-25,254.9940643
2018-07-26,254.3924866
2018-07-27,252.6686249
2018-07-30,251.3488617
2018-07-31,252.5877838
2018-08-01,252.1659241
2018-08-02,253.5395813
2018-08-03,254.6260071
2018-08-06,255.5596619
2018-08-07,256.4035645
2018-08-08,256.295929
2018-08-09,255.945694
2018-08-10,254.2309265
2018-08-13,253.2791901
2018-08-14,254.8953094
2018-08-15,252.991806
2018-08-16,255.0390015
2018-08-17,255.9367065
2018-08-20,256.4844666
2018-08-21,257.0860596
2018-08-22,256.9333801
2018-08-23,256.5922546
2018-08-24,258.1364746
2018-08-27,260.1745605
2018-08-28,260.300354
2018-08-29,261.7008972
2018-08-30,260.6413879
2018-08-31,260.6503601
2018-09-04,260.201416
2018-09-05,259.5011597
2018-09-06,258.7200012
2018-09-07,258.2173157
2018-09-10,258.6661987
2018-09-11,259.519104
2018-09-12,259.5820007
2018-09-13,261.1172485
2018-09-14,261.162262
2018-09-17,259.779541
2018-09-18,261.1891479
2018-09-19,261.4674683
2018-09-20,263.5863037
2018-09-21,263.34552
2018-09-24,262.4706421
2018-09-25,262.2271729
2018-09-26,261.4425354
2018-09-27,262.1730347
2018-09-28,262.2001648
2018-10-01,263.1110229
2018-10-02,262.9577026
2018-10-03,263.1020508
2018-10-04,261.0457458
2018-10-05,259.5845947
2018-10-08,259.5845947
2018-10-09,259.20578
2018-10-10,250.9985199
2018-10-11,245.4699554
2018-10-12,248.8790588
2018-10-15,247.4810181
2018-10-16,252.8925323
2018-10-17,252.9377441
2018-10-18,249.2849884
2018-10-19,249.1496735
2018-10-22,248.0312958
2018-10-23,246.7686005
2018-10-24,239.2918701
2018-10-25,243.5848846
2018-10-26,239.3009186
2018-10-29,237.9750977
2018-10-30,241.5014496
2018-10-31,244.0809784
2018-11-01,246.6784515
2018-11-02,245.2173615
2018-11-05,246.5702057
2018-11-06,248.1305389
2018-11-07,253.4426575
2018-11-08,252.9827423
2018-11-09,250.5114899
2018-11-12,245.8307343
2018-11-13,245.370697
2018-11-14,243.6931458
2018-11-15,246.2364197
2018-11-16,246.8768616
2018-11-19,242.7010956
2018-11-20,238.209549
2018-11-21,239.0212708
2018-11-23,237.4249573
2018-11-26,241.2580414
2018-11-27,242.0697937
2018-11-28,247.6434631
2018-11-29,247.102417
2018-11-30,248.6084442
2018-12-03,251.9004822
2018-12-04,243.7382507
2018-12-06,243.368454
2018-12-07,237.713562
2018-12-10,238.1644897
2018-12-11,238.2186584
2018-12-12,239.4181519
2018-12-13,239.3369751
2018-12-14,234.9176178
2018-12-17,230.3089752
2018-12-18,230.0564575
2018-12-19,226.6111755
2018-12-20,222.9224091
2018-12-21,218.3548431
2018-12-24,212.5852509
2018-12-26,223.3260956
2018-12-27,225.0406189
2018-12-28,224.7503357
2018-12-31,226.7188873
2019-01-02,226.9547424
2019-01-03,221.5389404
2019-01-04,228.9595947
2019-01-07,230.7648163
2019-01-08,232.9329529
2019-01-09,234.0215607
2019-01-10,234.8471222
2019-01-11,234.9378357
2019-01-14,233.5044708
2019-01-15,236.1806488
2019-01-16,236.7521667
2019-01-17,238.5483246
2019-01-18,241.7234344
2019-01-22,238.4575958
2019-01-23,238.956543
2019-01-24,239.0836029
2019-01-25,241.1065216
2019-01-28,239.2740784
2019-01-29,238.956543
2019-01-30,242.7394409
2019-01-31,244.8712921
2019-02-01,244.9891968
2019-02-04,246.7128448
2019-02-05,247.7469788
2019-02-06,247.4203949
2019-02-07,245.0617523
2019-02-08,245.3611298
2019-02-11,245.4972076
2019-02-12,248.6542053
2019-02-13,249.4616241
2019-02-14,248.9081879
2019-02-15,251.6205597
2019-02-19,252.0560303
2019-02-20,252.5640717
2019-02-21,251.6659851
2019-02-22,253.2263031
2019-02-25,253.5709991
2019-02-26,253.3896332
2019-02-27,253.2806549
2019-02-28,252.8089447
2019-03-01,254.3874512
2019-03-04,253.4621429
2019-03-05,253.1173859
2019-03-06,251.5842896
2019-03-07,249.4797363
2019-03-08,248.9806671
2019-03-11,252.5913239
2019-03-12,253.5437775
2019-03-13,255.2220154
2019-03-14,255.0586548
2019-03-15,256.3189087
2019-03-18,257.24823
2019-03-19,257.3121033
2019-03-20,256.5374451
2019-03-21,259.4351501
2019-03-22,254.441925
2019-03-25,254.2505035
2019-03-26,256.145752
2019-03-27,254.8063507
2019-03-28,255.7721863
2019-03-29,257.3849792
2019-04-01,260.4373169
2019-04-02,260.5649719
2019-04-03,260.9749146
2019-04-04,261.6673889
2019-04-05,262.9338989
2019-04-08,263.1343689
2019-04-09,261.7858887
2019-04-10,262.6788635
2019-04-11,262.6058655
2019-04-12,264.3826599
2019-04-15,264.2095337
2019-04-16,264.3826599
2019-04-17,263.7357788
2019-04-18,264.2550659
2019-04-22,264.4829102
2019-04-23,266.861084
2019-04-24,266.2687988
2019-04-25,266.1047058
2019-04-26,267.3439331
2019-04-29,267.763092
2019-04-30,267.8997803
2019-05-01,265.8860779
2019-05-02,265.3120422
2019-05-03,267.9088745
2019-05-06,266.806427
2019-05-07,262.3506775
2019-05-08,261.9863281
2019-05-09,261.1936646
2019-05-10,262.5057373
2019-05-13,255.908844
2019-05-14,258.2232056
2019-05-15,259.7357178
2019-05-16,262.1412354
2019-05-17,260.4464722
2019-05-20,258.7242737
2019-05-21,261.0569153
2019-05-22,260.2551575
2019-05-23,257.0751953
2019-05-24,257.6582642
2019-05-28,255.2619324
2019-05-29,253.5489502
2019-05-30,254.2414703
2019-05-31,250.8154297
2019-06-03,250.1776886
2019-06-04,255.6081696
2019-06-05,257.8222961
2019-06-06,259.4988403
2019-06-07,262.0956421
2019-06-10,263.2984924
2019-06-11,263.2345581
2019-06-12,262.7698975
2019-06-13,263.8542175
2019-06-14,263.5626526
2019-06-17,263.6628418
2019-06-18,266.4237061
2019-06-19,267.0250854
2019-06-20,269.5762329
2019-06-21,269.1844177
2019-06-24,268.8547974
2019-06-25,266.217926
2019-06-26,265.9523621
2019-06-27,266.8954163
2019-06-28,268.2688599
2019-07-01,270.7042847
2019-07-02,271.4093323
2019-07-03,273.5793457
2019-07-05,273.2680054
2019-07-08,271.76651
2019-07-09,272.105072
2019-07-10,273.405304
2019-07-11,274.0462341
2019-07-12,275.2730713
2019-07-15,275.3647461
2019-07-16,274.4765625
2019-07-17,272.6087036
2019-07-18,273.60672
2019-07-19,272.086792
2019-07-22,272.755249
2019-07-23,274.7054749
2019-07-24,275.9964294
2019-07-25,274.678009
2019-07-26,276.5184021
2019-07-29,276.0147705
2019-07-30,275.3372192
2019-07-31,272.3249512
2019-08-01,269.9535828
2019-08-02,267.9208679
2019-08-05,259.863678
2019-08-06,263.507782
2019-08-07,263.6633911
2019-08-08,268.8365173
2019-08-09,267.0052795
2019-08-12,263.7550049
2019-08-13,267.8567505
2019-08-14,259.9369202
2019-08-15,260.6236877
2019-08-16,264.4691772
2019-08-19,267.655304
2019-08-20,265.6044922
2019-08-21,267.7653198
2019-08-22,267.6828308
2019-08-23,260.8067017
2019-08-26,263.6908569
2019-08-27,262.6562195
2019-08-28,264.5057373
2019-08-29,267.8842468
2019-08-30,267.7653198
2019-09-03,266.199646
2019-09-04,269.2210388
2019-09-05,272.6820679
2019-09-06,272.8925171
2019-09-09,273.0298767
2019-09-10,272.9657898
2019-09-11,274.9068604
2019-09-12,275.8591309
2019-09-13,275.6759338
2019-09-16,274.8244629
2019-09-17,275.5203552
2019-09-18,275.6851807
2019-09-19,275.6667786
2019-09-20,274.3643799
2019-09-23,274.2999573
2019-09-24,272.147583
2019-09-25,273.7572632
2019-09-26,273.1870117
2019-09-27,271.7152405
2019-09-30,272.9753723
2019-10-01,269.7284851
2019-10-02,264.9638062
2019-10-03,267.1345825
2019-10-04,270.7494812
2019-10-07,269.5812988
2019-10-08,265.3961487
2019-10-09,267.9163818
2019-10-10,269.7284851
2019-10-11,272.5246887
2019-10-14,272.2212219
2019-10-15,274.9162598
2019-10-16,274.474762
2019-10-17,275.2841797
2019-10-18,274.0792847
2019-10-21,275.9371948
2019-10-22,275.0357971
2019-10-23,275.8360596
2019-10-24,276.2867737
2019-10-25,277.4181213
2019-10-28,278.9818115
2019-10-29,278.8990479
2019-10-30,279.7544556
2019-10-31,279.0093994
2019-11-01,281.5941467
2019-11-04,282.7254639
2019-11-05,282.4128418
2019-11-06,282.4772339
2019-11-07,283.47052
2019-11-08,284.1697083
2019-11-11,283.6269836
2019-11-12,284.2247925
2019-11-13,284.316803
2019-11-14,284.7307434
2019-11-15,286.7910767
2019-11-18,287.0027466
2019-11-19,286.9199219
2019-11-20,285.8529358
2019-11-21,285.3930054
2019-11-22,286.0276794
2019-11-25,288.2444458
2019-11-26,288.897522
2019-11-27,290.1852417
2019-11-29,289.1090393
2019-12-02,286.6531982
2019-12-03,284.7307434
2019-12-04,286.4875793
2019-12-05,287.0027466
2019-12-06,289.624176
2019-12-09,288.713562
2019-12-10,288.3916626
2019-12-11,289.2103271
2019-12-12,291.7030029
2019-12-13,291.8778076
2019-12-16,293.8829956
2019-12-17,293.9472961
2019-12-18,293.9657898
2019-12-19,295.1706848
2019-12-20,296.4648132
2019-12-23,296.9177246
2019-12-24,296.927002
2019-12-26,298.5076294
2019-12-27,298.4336853
2019-12-30,296.7883301
2019-12-31,297.5092773
2020-01-02,300.2916565
2020-01-03,298.0177307
2020-01-06,299.1546631
2020-01-07,298.3135071
2020-01-08,299.9033203
2020-01-09,301.9368591
2020-01-10,301.0680847
2020-01-13,303.1385803
2020-01-14,302.6763611
2020-01-15,303.3603821
2020-01-16,305.8838806
2020-01-17,306.8359375
2020-01-21,306.2351074
2020-01-22,306.2720642
2020-01-23,306.6233826
2020-01-24,303.8965149
2020-01-27,299.0252075
2020-01-28,302.1587524
2020-01-29,301.9091797
2020-01-30,302.888916
2020-01-31,297.3890991
2020-02-03,299.5983582
2020-02-04,304.1645203
2020-02-05,307.6771545
2020-02-06,308.7123718
2020-02-07,307.0670471
2020-02-10,309.359314
2020-02-11,309.8954773
2020-02-12,311.8921204
2020-02-13,311.5593567
2020-02-14,312.0585022
2020-02-18,311.2542725
2020-02-19,312.7424927
2020-02-20,311.4576111
2020-02-21,308.2502136
2020-02-24,298.026947
2020-02-25,288.9960632
2020-02-26,287.933136
2020-02-27,275.0014954
2020-02-28,273.8460693
2020-03-02,285.7054749
2020-03-03,277.5249939
2020-03-04,289.1901245
2020-03-05,279.5770264
2020-03-06,274.9553223
2020-03-09,253.4827271
2020-03-10,266.5992737
2020-03-11,253.6029663
2020-03-12,229.3389435
2020-03-13,248.9442139
2020-03-16,221.7038727
2020-03-17,233.6741333
2020-03-18,221.8424988
2020-03-19,222.3139343
2020-03-20,212.7334747
2020-03-23,207.2942505
2020-03-24,226.0757751
2020-03-25,229.4601898
2020-03-26,242.8583221
2020-03-27,235.624649
2020-03-30,243.2767181
2020-03-31,239.6505737
2020-04-01,228.8651123
2020-04-02,234.1463165
2020-04-03,230.7619019
2020-04-06,246.2613373
2020-04-07,246.5123596
2020-04-08,254.7873993
2020-04-09,258.6645813
2020-04-13,256.3029175
2020-04-14,263.8620911
2020-04-15,258.2554932
2020-04-16,259.5014343
2020-04-17,266.5120239
2020-04-20,261.8165283
2020-04-21,253.8669739
2020-04-22,259.5014343
2020-04-23,259.482666
2020-04-24,263.0996094
2020-04-27,266.8930969
2020-04-28,265.665863
2020-04-29,272.6205444
2020-04-30,270.0822754
2020-05-01,262.932251
2020-05-04,263.6575317
2020-05-05,266.0935364
2020-05-06,264.2897034
2020-05-07,267.4788513
2020-05-08,271.9046631
2020-05-11,271.9604187
2020-05-12,266.539856
2020-05-13,261.8258362
2020-05-14,264.9591675
2020-05-15,266.1771851
2020-05-18,274.2849121
2020-05-19,271.4676208
2020-05-20,276.0793457
2020-05-21,274.1733398
2020-05-22,274.6940002
2020-05-26,278.0783386
2020-05-27,282.2159119
2020-05-28,281.6952209
2020-05-29,282.95047
2020-06-01,284.0940857
2020-06-02,286.4463806
2020-06-03,290.2584839
2020-06-04,289.4960327
2020-06-05,296.9156799
2020-06-08,300.5046692
2020-06-09,298.263855
2020-06-10,296.5995483
2020-06-11,279.500885
2020-06-12,282.848175
2020-06-15,285.4886475
2020-06-16,290.9836731
2020-06-17,289.7750549
2020-06-18,289.8865356
2020-06-19,288.2298889
2020-06-22,290.0789795
2020-06-23,291.4143677
2020-06-24,283.9807129
2020-06-25,287.025177
2020-06-26,280.2079468
2020-06-29,284.3262939
2020-06-30,287.9684143
2020-07-01,289.9855042
2020-07-02,291.5825195
2020-07-06,296.0837708
2020-07-07,293.0300293
2020-07-08,295.2712708
2020-07-09,293.5902405
2020-07-10,296.5880127
2020-07-13,294.0198669
2020-07-14,297.8300476
2020-07-15,300.5662842
2020-07-16,299.576416
2020-07-17,300.4448853
2020-07-20,302.8730164
2020-07-21,303.5173035
2020-07-22,305.2449341
2020-07-23,301.6029053
2020-07-24,299.6604919
2020-07-27,301.8457642
2020-07-28,299.9312744
2020-07-29,303.6200562
2020-07-30,302.5368652
2020-07-31,304.9274597
2020-08-03,307.0474243
2020-08-04,308.2333679
2020-08-05,310.1477051
2020-08-06,312.2210083
2020-08-07,312.4451294
2020-08-10,313.3790588
2020-08-11,310.7921753
2020-08-12,315.1252747
2020-08-13,314.5556946
2020-08-14,314.565033
2020-08-17,315.5642395
2020-08-18,316.2460327
2020-08-19,314.9292297
2020-08-20,315.9098511
2020-08-21,317.030426
2020-08-24,320.242981
2020-08-25,321.3635254
2020-08-26,324.5854492
2020-08-27,325.2951965
2020-08-28,327.3963623
2020-08-31,326.2104187
2020-09-01,329.2828369
2020-09-02,334.0455322
2020-09-03,322.5496521
2020-09-04,319.9161682
2020-09-08,311.1751099
2020-09-09,317.3200073
2020-09-10,311.8101501
2020-09-11,311.9689026
2020-09-14,316.0778198
2020-09-15,317.6748352
2020-09-16,316.414093
2020-09-17,313.6311951
2020-09-18,310.0204468
2020-09-21,306.5700073
2020-09-22,309.6922302
2020-09-23,302.5101624
2020-09-24,303.3165588
2020-09-25,308.2202148
2020-09-28,313.3395386
2020-09-29,311.6331177
2020-09-30,313.9958496
2020-10-01,316.0117188
2020-10-02,313.0113525
2020-10-05,318.5620117
2020-10-06,314.0333557
2020-10-07,319.4996338
2020-10-08,322.3312073
2020-10-09,325.2097473
2020-10-12,330.4415894
2020-10-13,328.2851563
2020-10-14,326.22229
2020-10-15,325.8191223
2020-10-16,325.622345
2020-10-19,320.6716614
2020-10-20,321.9561768
2020-10-21,321.3467712
2020-10-22,323.109436
2020-10-23,324.2064819
2020-10-26,318.21521
2020-10-27,317.1180725
2020-10-28,306.2793274
2020-10-29,309.3922119
2020-10-30,306.1668701
2020-11-02,309.5985413
2020-11-03,315.0647278
2020-11-04,322.1062317
2020-11-05,328.3881531
2020-11-06,328.3132019
2020-11-09,332.4386597
2020-11-10,331.9511108
2020-11-11,334.4170227
2020-11-12,331.1729126
2020-11-13,335.757782
2020-11-16,339.9489746
2020-11-17,338.1206055
2020-11-18,334.0513306
2020-11-19,335.4577942
2020-11-20,333.160614
2020-11-23,335.1577454
2020-11-24,340.5583801
2020-11-25,340.0332642
2020-11-27,340.9802856
2020-11-30,339.4707642
2020-12-01,343.1836548
2020-12-02,343.9056396
2020-12-03,343.8118591
2020-12-04,346.7747498
2020-12-07,346.0621643
2020-12-08,347.0746765
2020-12-09,343.9618835
2020-12-10,343.8493958
2020-12-11,343.4461975
2020-12-14,341.9084778
2020-12-15,346.5309448
2020-12-16,347.0746765
2020-12-17,349.015564
2020-12-18,347.6220398
2020-12-21,346.3791199
2020-12-22,345.7952271
2020-12-23,346.1059875
2020-12-24,347.4525757
2020-12-28,350.4374084
2020-12-29,349.7688904
2020-12-30,350.2679138
2020-12-31,352.0475464
2021-01-04,347.2547302
2021-01-05,349.6464539
2021-01-06,351.7368164
2021-01-07,356.9627686
2021-01-08,358.9966431
2021-01-11,356.5767212
2021-01-12,356.6519775
2021-01-13,357.6124573
2021-01-14,356.3601074
2021-01-15,353.7612915
2021-01-19,356.5390015
2021-01-20,361.473053
2021-01-21,361.8025208
2021-01-22,360.5220337
2021-01-25,361.9438782
2021-01-26,361.3789063
2021-01-27,352.5466003
2021-01-28,355.5786438
2021-01-29,348.460022
2021-02-01,354.2602844
2021-02-02,359.2696533
2021-02-03,359.5522156
2021-02-04,363.6387329
2021-02-05,365.0700073
2021-02-08,367.7064819
2021-02-09,367.461731
2021-02-10,367.3015137
2021-02-11,367.8947754
2021-02-12,369.7121582
2021-02-16,369.3919373
2021-02-17,369.4766846
2021-02-18,367.9042358
2021-02-19,367.2545166
2021-02-22,364.4296265
2021-02-23,364.8722534
2021-02-24,368.8929138
2021-02-25,360.0041809
2021-02-26,358.1491394
2021-03-01,366.83078
2021-03-02,363.9682922
2021-03-03,359.1473083
2021-03-04,354.7029419
2021-03-05,361.2282104
2021-03-08,359.4298096
2021-03-09,364.561554
2021-03-10,366.83078
2021-03-11,370.5501099
2021-03-12,371.0491638
2021-03-15,373.2619324
2021-03-16,372.7911072
2021-03-17,374.0623779
2021-03-18,368.6199036
2021-03-19,367.9377441
2021-03-22,370.8756714
2021-03-23,367.9566345
2021-03-24,366.0861511
2021-03-25,368.1456604
2021-03-26,374.0782471
2021-03-29,373.8893127
2021-03-30,372.8973999
2021-03-31,374.408905
2021-04-01,378.4521179
2021-04-05,383.8840942
2021-04-06,383.6573486
2021-04-07,384.1014099
2021-04-08,385.9246826
2021-04-09,388.7303467
2021-04-12,388.8720093
2021-04-13,390.0245361
2021-04-14,388.6925964
2021-04-15,392.8681641
2021-04-16,394.1812744
2021-04-19,392.2445679
2021-04-20,389.3727722
2021-04-21,393.0570068
2021-04-22,389.4672241
2021-04-23,393.6900024
2021-04-26,394.5118103
2021-04-27,394.4268799
2021-04-28,394.3135071
2021-04-29,396.8263855
2021-04-30,394.2189941
2021-05-03,395.0692444
2021-05-04,392.6319885
2021-05-05,392.7546997
2021-05-06,395.8912048
2021-05-07,398.7724304
2021-05-10,394.8236084
2021-05-11,391.2999878
2021-05-12,382.9866333
2021-05-13,387.5873413
2021-05-14,393.5387878
2021-05-17,392.5374451
2021-05-18,389.1554871
2021-05-19,388.1352234
2021-05-20,392.3108215
2021-05-21,391.989563
2021-05-24,395.9856567
2021-05-25,395.1070862
2021-05-26,395.8912048
2021-05-27,396.0989685
2021-05-28,396.8074951
2021-06-01,396.4579468
2021-06-02,397.0815125
2021-06-03,395.6077271
2021-06-04,399.2258911
2021-06-07,398.838623
2021-06-08,398.923584
2021-06-09,398.3284302
2021-06-10,400.1800232
2021-06-11,400.8413391
2021-06-14,401.7387695
2021-06-15,401.0019226
2021-06-16,398.7629395
2021-06-17,398.6307068
2021-06-18,393.2530212
2021-06-21,398.882843
2021-06-22,401.0153198
2021-06-23,400.5319519
2021-06-24,402.9014893
2021-06-25,404.3325195
2021-06-28,405.147644
2021-06-29,405.3656006
2021-06-30,405.7068481
2021-07-01,407.9530945
2021-07-02,411.0712891
2021-07-06,410.3225403
2021-07-07,411.7727051
2021-07-08,408.417572
2021-07-09,412.7772827
2021-07-12,414.2558594
2021-07-13,412.8437195
2021-07-14,413.4596863
2021-07-15,412.0475159
2021-07-16,408.8155518
2021-07-19,402.7781982
2021-07-20,408.5501709
2021-07-21,411.8580017
2021-07-22,412.720459
2021-07-23,416.9665527
2021-07-26,417.9900818
2021-07-27,416.085083
2021-07-28,415.9143982
2021-07-29,417.6394348
2021-07-30,415.6112061
2021-08-02,414.7391968
2021-08-03,418.1133118
2021-08-04,416.0566406
2021-08-05,418.6914673
2021-08-06,419.3833923
2021-08-09,419.0421753
2021-08-10,419.5633545
2021-08-11,420.6059265
2021-08-12,421.8664246
2021-08-13,422.6342773
2021-08-16,423.6293945
2021-08-17,420.852417
2021-08-18,416.2461548
2021-08-19,416.8905945
2021-08-20,420.2078247
2021-08-23,423.9042969
2021-08-24,424.577179
2021-08-25,425.4681091
2021-08-26,422.9564514
2021-08-27,426.7380981
2021-08-30,428.6147461
2021-08-31,427.9797363
2021-09-01,428.2071533
2021-09-02,429.5246277
2021-09-03,429.4203186
2021-09-07,427.8849182
2021-09-08,427.3636475
2021-09-09,425.5344238
2021-09-10,422.1792908
2021-09-13,423.2597046
2021-09-14,420.9756165
2021-09-15,424.4918823
2021-09-16,423.8189697
2021-09-17,419.6904907
2021-09-20,412.6925354
2021-09-21,412.3026428
2021-09-22,416.3245544
2021-09-23,421.3829346
2021-09-24,422.0770569
2021-09-27,420.8695068
2021-09-28,412.3882446
2021-09-29,413.0823364
2021-09-30,408.0335083
2021-10-01,412.8827209
2021-10-04,407.558075
2021-10-05,411.7987976
2021-10-06,413.5101929
2021-10-07,417.0852966
2021-10-08,416.3245544
2021-10-11,413.3105469
2021-10-12,412.2930908
2021-10-13,413.7764893
2021-10-14,420.7363892
2021-10-15,423.9406738
2021-10-18,425.1957703
2021-10-19,428.4760437
2021-10-20,430.1589661
2021-10-21,431.2809448
2021-10-22,430.8340759
2021-10-25,433.1445313
2021-10-26,433.5343933
2021-10-27,431.613678
2021-10-28,435.7783813
2021-10-29,436.6626282
2021-11-01,437.4137268
2021-11-02,439.182251
2021-11-03,441.8635254
2021-11-04,443.9458618
2021-11-05,445.4861755
2021-11-08,445.8664551
2021-11-09,444.3927307
2021-11-10,440.817627
2021-11-11,440.9602966
2021-11-12,444.2880859
2021-11-15,444.4402771
2021-11-16,446.1992493
2021-11-17,445.1153259
2021-11-18,446.6271667
2021-11-19,445.8284912
2021-11-22,444.5733948
2021-11-23,445.1629028
2021-11-24,446.3514099
2021-11-26,436.3964233
2021-11-29,441.7494812
2021-11-30,433.1540833
2021-12-01,428.3428955
2021-12-02,434.903595
2021-12-03,431.1193542
2021-12-06,436.2251892
2021-12-07,445.2484741
2021-12-08,446.4274292
2021-12-09,443.4133911
2021-12-10,447.5874634
2021-12-13,443.6225586
2021-12-14,440.5704651
2021-12-15,447.4544067
2021-12-16,443.5085144
2021-12-17,438.7882385
2021-12-20,434.1224365
2021-12-21,441.8320007
2021-12-22,446.2498169
2021-12-23,449.0263977
2021-12-27,455.3810425
2021-12-28,455.0089417
2021-12-29,455.5910339
2021-12-30,454.3314819
2021-12-31,453.1864929
2022-01-03,455.8103943
2022-01-04,455.6576843
2022-01-05,446.9081421
2022-01-06,446.4883118
2022-01-07,444.723114
2022-01-10,444.1697083
2022-01-11,448.215332
2022-01-12,449.427063
2022-01-13,443.2346497
2022-01-14,443.4159241
2022-01-18,435.5631714
2022-01-19,431.0404968
2022-01-20,426.2697449
2022-01-21,417.901825
2022-01-24,419.6765137
2022-01-25,414.5526733
2022-01-26,413.5126953
2022-01-27,411.4707031
2022-01-28,421.6897583
2022-01-31,429.2848511
2022-02-01,432.1855469
2022-02-02,436.3837891
2022-02-03,426.1266174
2022-02-04,428.1303711
2022-02-07,426.7563477
2022-02-08,430.2676086
2022-02-09,436.5650635
2022-02-10,428.7218933
2022-02-11,420.2680359
2022-02-14,418.8940735
2022-02-15,425.6495056
2022-02-16,426.1266174
2022-02-17,417.0239563
2022-02-18,414.3237
2022-02-22,409.8772888
2022-02-23,402.6066284
2022-02-24,408.6654968
2022-02-25,417.6822815
2022-02-28,416.613678
2022-03-01,410.2684937
2022-03-02,417.8158875
2022-03-03,415.7358704
2022-03-04,412.3581543
2022-03-07,400.202179
2022-03-08,397.1679382
2022-03-09,407.8163452
2022-03-10,405.9747925
2022-03-11,400.8128052
2022-03-14,397.8835144
2022-03-15,406.6332092
2022-03-16,415.6499329
2022-03-17,420.8501282
2022-03-18,425.4595642
2022-03-21,425.3351746
2022-03-22,430.3122253
2022-03-23,424.7704468
2022-03-24,431.173584
2022-03-25,433.2792969
2022-03-28,436.3612366
2022-03-29,441.7593384
2022-03-30,439.0315552
2022-03-31,432.2742615
2022-04-01,433.4994507
2022-04-04,437.2129822
2022-04-05,431.6904907
2022-04-06,427.3738708
2022-04-07,429.5273132
2022-04-08,428.3788452
2022-04-11,421.0568848
2022-04-12,419.4967041
2022-04-13,424.3014526
2022-04-14,419.0181885
2022-04-18,419.1904907
2022-04-19,425.9573364
2022-04-20,425.6413879
2022-04-21,419.2766113
2022-04-22,407.7720032
2022-04-25,410.1361084
2022-04-26,398.2581787
2022-04-27,399.3780518
2022-04-28,409.4660645
2022-04-29,394.3340149
2022-05-02,396.7076416
2022-05-03,398.5262451
2022-05-04,410.6625671
2022-05-05,396.0663757
2022-05-06,393.7023315
2022-05-09,381.0970154
2022-05-10,381.9775696
2022-05-11,375.9094849
2022-05-12,375.5169983
2022-05-13,384.494751
2022-05-16,382.9346619
2022-05-17,390.8117981
2022-05-18,375.0575867
2022-05-19,372.760498
2022-05-20,372.9231873
2022-05-23,379.9006348
2022-05-24,377.0005493
2022-05-25,380.3313293
2022-05-26,387.9309082
2022-05-27,397.4541931
2022-05-31,395.2241211
2022-06-01,392.0273132
2022-06-02,399.4928894
2022-06-03,392.9366455
2022-06-06,394.1330566
2022-06-07,397.9136353
2022-06-08,393.5874634
2022-06-09,384.2268066
2022-06-10,373.085907
2022-06-13,358.9205322
2022-06-14,357.8389893
2022-06-15,362.9404297
2022-06-16,350.9285278
2022-06-17,351.6850891
2022-06-21,360.5382385
2022-06-22,359.884552
2022-06-23,363.4124146
2022-06-24,374.9666748
2022-06-27,373.5344238
2022-06-28,365.9020386
2022-06-29,365.6040649
2022-06-30,362.6337891
2022-07-01,366.4691467
2022-07-05,367.1612854
2022-07-06,368.4013062
2022-07-07,373.9188843
2022-07-08,373.6112976
2022-07-11,369.3433533
2022-07-12,366.0751038
2022-07-13,364.1525574
2022-07-14,363.2681885
2022-07-15,370.2084656
2022-07-18,367.1517029
2022-07-19,377.0718079
2022-07-20,379.4749451
2022-07-21,383.3392029
2022-07-22,379.7825928
2022-07-25,380.243988
2022-07-26,375.7453003
2022-07-27,385.5020142
2022-07-28,390.3371277
2022-07-29,396.027832
2022-08-01,394.855072
2022-08-02,392.2500305
2022-08-03,398.3925171
2022-08-04,398.1233521
2022-08-05,397.4505005
2022-08-08,396.9890442
2022-08-09,395.4126282
2022-08-10,403.717865
2022-08-11,403.717865
2022-08-12,410.5523987
2022-08-15,412.2442017
2022-08-16,413.0516663
2022-08-17,410.1198425
2022-08-18,411.3117676
2022-08-19,405.7845459
2022-08-22,397.335083
2022-08-23,396.3738403
2022-08-24,397.6427612
2022-08-25,403.2564697
2022-08-26,389.6066284
2022-08-29,387.0304871
2022-08-30,382.7816772
2022-08-31,379.8691101
2022-09-01,381.0610657
2022-09-02,377.0429688
2022-09-06,375.6203613
2022-09-07,382.3683777
2022-09-08,384.8676147
2022-09-09,390.8465881
2022-09-12,395.0473328
2022-09-13,377.8696899
2022-09-14,379.311615
2022-09-15,375.0051575
2022-09-16,372.1442871
2022-09-19,375.0302124
2022-09-20,370.7253723
2022-09-21,364.2585144
2022-09-22,361.1988525
2022-09-23,355.1470032
2022-09-26,351.6336975
2022-09-27,350.736084
2022-09-28,357.6372375
2022-09-29,350.1665649
2022-09-30,344.7517395
2022-10-03,353.8536072
2022-10-04,364.8183289
2022-10-05,363.9689636
2022-10-06,360.214325
2022-10-07,350.1665649
2022-10-10,347.4929199
2022-10-11,345.2922363
2022-10-12,344.1533508
2022-10-13,353.2359009
2022-10-14,345.1860657
2022-10-17,354.0563354
2022-10-18,358.2163391
2022-10-19,355.6778564
2022-10-20,352.6953735
2022-10-21,361.2664185
2022-10-24,365.6870422
2022-10-25,371.5265503
2022-10-26,368.727478
2022-10-27,366.7583923
2022-10-28,375.4837952
2022-10-31,372.771637
2022-11-01,371.1404114
2022-11-02,361.8262024
2022-11-03,358.1005249
2022-11-04,363.2547302
2022-11-07,366.7294617
2022-11-08,368.7081604
2022-11-09,361.111969
2022-11-10,380.956604
2022-11-11,384.6436768
2022-11-14,381.371582
2022-11-15,384.6243896
2022-11-16,381.690155
2022-11-17,380.5222473
2022-11-18,382.2499695
2022-11-21,380.8600464
2022-11-22,385.9852905
2022-11-23,388.4176331
2022-11-25,388.330719
2022-11-28,382.1341553
2022-11-29,381.4778442
2022-11-30,393.4945984
2022-12-01,393.2050781
2022-12-02,392.7514038
2022-12-05,385.6860657
2022-12-06,380.1264954
2022-12-07,379.4798279
2022-12-08,382.4526062
2022-12-09,379.5956726
2022-12-12,385.0683594
2022-12-13,387.9832764
2022-12-14,385.502655
2022-12-15,376.0726318
2022-12-16,371.6327209
2022-12-19,368.4813232
2022-12-20,368.9855957
2022-12-21,374.5028381
2022-12-22,369.1600952
2022-12-23,371.2835999
2022-12-27,369.819458
2022-12-28,365.2233887
2022-12-29,371.7975464
2022-12-30,370.8182068
2023-01-03,369.2571106
2023-01-04,372.1078186
2023-01-05,367.8607788
2023-01-06,376.2966003
2023-01-09,376.083313
2023-01-10,378.7207031
2023-01-11,383.5107422
2023-01-12,384.9070435
2023-01-13,386.400238
2023-01-17,385.6923523
2023-01-18,379.6031189
2023-01-19,376.8396606
2023-01-20,383.8598328
2023-01-23,388.4655762
2023-01-24,388.0486755
2023-01-25,388.1940918
2023-01-26,392.4605408
2023-01-27,393.3622437
2023-01-30,388.4267883
2023-01-31,394.1379089
2023-02-01,398.3267517
2023-02-02,404.1251831
2023-02-03,399.8297424
2023-02-06,397.3862
2023-02-07,402.5834656
2023-02-08,398.1813354
2023-02-09,394.7294312
2023-02-10,395.6506348
2023-02-13,400.2951355
2023-02-14,400.1109619
2023-02-15,401.4102478
2023-02-16,395.8833313
2023-02-17,394.8942871
2023-02-21,386.9723816
2023-02-22,386.4390869
2023-02-23,388.4946289
2023-02-24,384.344635
2023-02-27,385.653595
2023-02-28,384.228241
2023-03-01,382.754425
2023-03-02,385.7312012
2023-03-03,391.9174805
2023-03-06,392.1889954
2023-03-07,386.1772156
2023-03-08,386.8075256
2023-03-09,379.6709595
2023-03-10,374.1925659
2023-03-13,373.6592407
2023-03-14,379.8358154
2023-03-15,377.4602356
2023-03-16,384.0827942
2023-03-17,379.5918274
2023-03-20,383.2418823
2023-03-21,388.2740479
2023-03-22,381.6553345
2023-03-23,382.6870728
2023-03-24,385.1983032
2023-03-27,385.9185181
2023-03-28,385.0522766
2023-03-29,390.6489258
2023-03-30,392.9363708
2023-03-31,398.4746094
2023-04-03,399.9930115
2023-04-04,397.7738037
2023-04-05,396.7322693
2023-04-06,398.2799377
2023-04-10,398.6886902
2023-04-11,398.7958069
2023-04-12,397.1702881
2023-04-13,402.4458313
2023-04-14,401.462738
2023-04-17,402.9032288
2023-04-18,403.1660767
2023-04-19,403.0979004
2023-04-20,400.8982544
2023-04-21,401.2097168
2023-04-24,401.6282043
2023-04-25,395.2528381
2023-04-26,393.5786743
2023-04-27,401.414093
2023-04-28,404.8402405
2023-05-01,404.431427
2023-05-02,399.8859253
2023-05-03,397.1411133
2023-05-04,394.3282166
2023-05-05,401.6282043
2023-05-08,401.7352905
2023-05-09,399.9735413
2023-05-10,401.8423767
2023-05-11,401.1415405
2023-05-12,400.6159363
2023-05-15,401.9981079
2023-05-16,399.311676
2023-05-17,404.158905
2023-05-18,408.0522766
2023-05-19,407.4584656
2023-05-22,407.6239929
2023-05-23,403.0492554
2023-05-24,400.129303
2023-05-25,403.5943298
2023-05-26,408.821167
2023-05-30,408.9768677
2023-05-31,406.7090454
2023-06-01,410.5731812
2023-06-02,416.5105591
2023-06-05,415.7124023
2023-06-06,416.6175842
2023-06-07,415.1770935
2023-06-08,417.6882935
2023-06-09,418.4377441
2023-06-12,422.2337646
2023-06-13,425.0175171
2023-06-14,425.5236206
2023-06-15,430.7991333
2023-06-16,429.3317261
2023-06-20,427.1042786
2023-06-21,424.9159241
2023-06-22,426.4497681
2023-06-23,423.225769
2023-06-26,421.4965515
2023-06-27,426.1176147
2023-06-28,426.33255
2023-06-29,428.0128479
2023-06-30,433.0636902
2023-07-03,433.5619507
2023-07-05,432.9172058
2023-07-06,429.5271301
2023-07-07,428.442688
2023-07-10,429.5271301
2023-07-11,432.2626038
2023-07-12,435.7405701
2023-07-13,439.1989441
2023-07-14,438.9254761
2023-07-17,440.4494629
2023-07-18,443.722229
2023-07-19,444.7089844
2023-07-20,441.7585449
2023-07-21,441.7585449
2023-07-24,443.7320251
2023-07-25,444.9434814
2023-07-26,445.0118713
2023-07-27,442.0614624
2023-07-28,446.3893433
2023-07-31,447.2393188
2023-08-01,445.9595337
2023-08-02,439.7558594
2023-08-03,438.495575
2023-08-04,436.5123596
2023-08-07,440.3224792
2023-08-08,438.4076233
2023-08-09,435.4768066
2023-08-10,435.6331482
2023-08-11,435.3790894
2023-08-14,437.7823792
2023-08-15,432.6826782
2023-08-16,429.5076599
2023-08-17,426.2348328
2023-08-18,426.4400024
2023-08-21,429.2145386
2023-08-22,428.0519104
2023-08-23,432.8194885
2023-08-24,426.8209839
2023-08-25,429.8300171
2023-08-28,432.5557251
2023-08-29,438.8081665
2023-08-30,440.6155701
2023-08-31,439.9707336
2023-09-01,440.7914124
2023-09-05,438.886322
2023-09-06,435.9359131
2023-09-07,434.5975342
2023-09-08,435.2521057
2023-09-11,438.114563
2023-09-12,435.7113037
2023-09-13,436.2192688
2023-09-14,439.9804688
2023-09-15,434.6795349
2023-09-18,434.9344177
2023-09-19,434.0324402
2023-09-20,430.0422058
2023-09-21,422.9343262
2023-09-22,421.9833374
2023-09-25,423.7578735
2023-09-26,417.5323181
2023-09-27,417.6989746
2023-09-28,420.120575
2023-09-29,419.1009521
2023-10-02,418.9343262
2023-10-03,413.3264465
2023-10-04,416.3362427
2023-10-05,416.1794128
2023-10-06,421.1206055
2023-10-09,423.8166809
2023-10-10,426.0226135
2023-10-11,427.7677002
2023-10-12,425.1598511
2023-10-13,423.0421448
2023-10-16,427.4931641
2023-10-17,427.4735413
2023-10-18,421.7774658
2023-10-19,418.0715332
2023-10-20,412.9342651
2023-10-23,412.2185669
2023-10-24,415.3264465
2023-10-25,409.3656006
2023-10-26,404.4635925
2023-10-27,402.6302795
2023-10-30,407.4440308
2023-10-31,410.0028687
2023-11-01,414.3754578
2023-11-02,422.3167114
2023-11-03,426.1696777
2023-11-06,427.1500549
2023-11-07,428.3657227
2023-11-08,428.6794434
2023-11-09,425.3363037
2023-11-10,431.9735718
2023-11-13,431.5618286
2023-11-14,439.9344788
2023-11-15,440.8658752
2023-11-16,441.4050598
2023-11-17,441.954071
2023-11-20,445.3560486
2023-11-21,444.385437
2023-11-22,446.1011353
2023-11-24,446.3757019
2023-11-27,445.5717773
2023-11-28,446.0129089
2023-11-29,445.6991882
2023-11-30,447.4541016
2023-12-01,450.1012573
2023-12-04,447.7384338
2023-12-05,447.6502075
2023-12-06,445.846283
2023-12-07,449.2482605
2023-12-08,451.179657
2023-12-11,452.9345398
2023-12-12,455.0032043
2023-12-13,461.277771
2023-12-14,462.7581482
2023-12-15,461.9961853
2023-12-18,464.5949707
2023-12-19,467.420105
2023-12-20,460.9429932
2023-12-21,465.3135681
2023-12-22,466.2486877
2023-12-26,468.2174377
2023-12-27,469.0640259
2023-12-28,469.2411804
2023-12-29,467.882782
2024-01-02,465.2643127
2024-01-03,461.4646912
2024-01-04,459.9782104
2024-01-05,460.6082764
2024-01-08,467.1838989
2024-01-09,466.4751282
2024-01-10,469.1132202
2024-01-11,468.9065857
2024-01-12,469.2313232
2024-01-16,467.5086975
2024-01-17,464.9100037
2024-01-18,469.0443115
2024-01-19,474.8914795
2024-01-22,475.8955688
2024-01-23,477.2835388
2024-01-24,477.8052979
2024-01-25,480.4039917
2024-01-26,479.7937317
2024-01-29,483.5934143
2024-01-30,483.2193298
2024-01-31,475.3345032
2024-02-01,481.5557556
2024-02-02,486.6252747
2024-02-05,484.8533936
2024-02-06,486.2610474
2024-02-07,490.3166809
2024-02-08,490.5332642
2024-02-09,493.3681946
2024-02-12,493.1516724
2024-02-13,486.3594971
2024-02-14,490.7792969
2024-02-15,494.1655579
2024-02-16,491.7046204
2024-02-20,488.9976196
2024-02-21,489.4405823
2024-02-22,499.5697937
2024-02-23,499.9143066
2024-02-26,498.083374
2024-02-27,499.0086365
2024-02-28,498.3491821
2024-02-29,500.1407471
2024-03-01,504.8361816
2024-03-04,504.2947693
2024-03-05,499.2547913
2024-03-06,501.7846069
2024-03-07,506.765564
2024-03-08,503.7238159
2024-03-11,503.2907104
2024-03-12,508.7048035
2024-03-13,507.9074097
2024-03-14,506.9033508
2024-03-15,503.422699
2024-03-18,506.4145813
2024-03-19,509.2288208
2024-03-20,513.9387817
2024-03-21,515.637207
2024-03-22,514.6596069
2024-03-25,513.237793
2024-03-26,512.2897949
2024-03-27,516.5950317
2024-03-28,516.4963379
2024-04-01,515.5976563
2024-04-02,512.319519
2024-04-03,512.8822021
2024-04-04,506.6219788
2024-04-05,511.9145508
2024-04-08,512.2009277
2024-04-09,512.793457
2024-04-10,507.6587524
2024-04-11,511.4900208
2024-04-12,504.4298706
2024-04-15,498.110321
2024-04-16,497.2018433
2024-04-17,494.2593079
2024-04-18,493.2422791
2024-04-19,488.9370728
2024-04-22,493.4397583
2024-04-23,499.2952271
2024-04-24,499.058197
2024-04-25,497.1623535
2024-04-26,501.8724365
2024-04-29,503.6497803
2024-04-30,495.6713257
2024-05-01,494.0618286
2024-05-02,498.6830139
2024-05-03,504.8643494
2024-05-06,510.0779724
2024-05-07,510.6408081
2024-05-08,510.690155
2024-05-09,513.6326904
2024-05-10,514.2943726
2024-05-13,514.3634033
2024-05-14,516.7233276
2024-05-15,523.1219482
2024-05-16,522.0456543
2024-05-17,522.7960815
2024-05-20,523.3984375
2024-05-21,524.6820679
2024-05-22,523.1713867
2024-05-23,519.3499756
2024-05-24,522.7862549
2024-05-28,523.1516113
2024-05-29,519.4882813
2024-05-30,516.0420532
2024-05-31,520.7422485
2024-06-03,521.1668091
2024-06-04,521.7494507
2024-06-05,527.9505005
2024-06-06,527.9406128
2024-06-07,527.2988281
2024-06-10,528.9280396
2024-06-11,530.2018433
2024-06-12,534.5563965
2024-06-13,535.6327515
2024-06-14,535.9586182
2024-06-17,540.2242432
2024-06-18,541.5968018
2024-06-20,540.1254883
2024-06-21,539.4014282
2024-06-24,537.6480103
2024-06-25,539.7184448
2024-06-26,540.3920288
2024-06-27,541.2439575
2024-06-28,539.1140747
2024-07-01,540.2236328
2024-07-02,543.8592529
2024-07-03,546.2862549
2024-07-05,549.4363403
2024-07-08,550.0704346
2024-07-09,550.6052856
2024-07-10,556.0537109
2024-07-11,551.2590942
2024-07-12,554.736145
2024-07-15,556.2617188
2024-07-16,559.5604858
2024-07-17,551.7148438
2024-07-18,547.4749146
2024-07-19,543.8394165
2024-07-22,549.4463501
2024-07-23,548.5844116
2024-07-24,536.1521606
2024-07-25,533.3585815
2024-07-26,539.3320923
2024-07-29,539.6490479
2024-07-30,536.914978
2024-07-31,545.642334
2024-08-01,537.9154663
2024-08-02,527.9003906
2024-08-05,512.5259399
2024-08-06,517.2512207
2024-08-07,513.7938843
2024-08-08,525.6715088
2024-08-09,527.9894409
2024-08-12,528.2669067
2024-08-13,536.9545898
2024-08-14,538.6485596
2024-08-15,547.8811035
2024-08-16,549.109436
2024-08-19,554.3597412
2024-08-20,553.458252
2024-08-21,555.3602295
2024-08-22,551.0015259
2024-08-23,556.8560791
2024-08-26,555.5286255
2024-08-27,556.2914429
2024-08-28,553.0620117
2024-08-29,553.1115112
2024-08-30,558.3914795
2024-09-03,546.9004517
2024-09-04,545.7810059
2024-09-05,544.4535522
2024-09-06,535.2902832
2024-09-09,541.2835083
2024-09-10,543.6412964
2024-09-11,549.2183838
2024-09-12,553.8446655
2024-09-13,556.7372437
2024-09-16,557.5594482
2024-09-17,557.7872925
2024-09-18,556.1329956
2024-09-19,565.6230469
2024-09-20,564.6453247
2024-09-23,566.0562744
2024-09-24,567.6759033
2024-09-25,566.4239502
2024-09-26,568.6696167
2024-09-27,567.8448486
2024-09-30,570.1203613
2024-10-01,565.0129395
2024-10-02,565.2514648
2024-10-03,564.2180786
2024-10-04,569.3452759
2024-10-07,564.1981812
2024-10-08,569.5341187
2024-10-09,573.4789429
2024-10-10,572.4753418
2024-10-11,575.9034424
2024-10-14,580.6134033
2024-10-15,576.1021729
2024-10-16,578.6062012
2024-10-17,578.6558228
2024-10-18,580.8816528
2024-10-21,579.9277344
2024-10-22,579.619751
2024-10-23,574.3235474
2024-10-24,575.5655518
2024-10-25,575.3668213
2024-10-28,577.1455688
2024-10-29,578.0795288
2024-10-30,576.3307495
2024-10-31,565.0328979
2024-11-01,567.4176025
2024-11-04,566.1953735
2024-11-05,573.041748
2024-11-06,587.2907715
2024-11-07,591.8317261
2024-11-08,594.3953857
2024-11-11,594.961731
2024-11-12,593.1136475
2024-11-13,593.4017334
2024-11-14,589.5860596
2024-11-15,582.0343018
2024-11-18,584.4190674
2024-11-19,586.5554199
2024-11-20,586.7541504
2024-11-21,589.9040527
2024-11-22,591.7324219
2024-11-25,593.739624
2024-11-26,596.8397827
2024-11-27,595.031311
2024-11-29,598.7277222
2024-12-02,599.8009033
2024-12-03,600.0790405
2024-12-04,603.8052979
2024-12-05,602.8116455
2024-12-06,603.9543457
2024-12-09,600.8441772
2024-12-10,598.9761353
2024-12-11,603.6065674
2024-12-12,600.49646
2024-12-13,600.3772583
2024-12-16,602.9407959
2024-12-17,600.456665
2024-12-18,582.5609741
2024-12-19,582.382019
2024-12-20,589.3770752
2024-12-23,592.9064331
2024-12-24,599.496582
2024-12-26,599.536499
2024-12-27,593.2254639
2024-12-30,586.4558105
2024-12-31,584.3222656
,
,
,
,
,
,
,
,
,
,
,
,
,
,
,
,
,
,
,
,
,
,
,
,
,
,
,
,
,
,
,
,
,
,
,
,
,
,
,
,
,
,
,
,
,
,
,
,
,
,
,
,
,
,
,
,
,
,
,
